
	[{
		"title": "Lorem ipsum dolor sit amets",
		"by": "Bill Nye",
		"rating": 5,
		"date": "2017-10-01",
		"comment": "Vivamus in nulla felis. Lorem ipsum dolor sit amet, consectetur adipiscing elit. Suspendisse congue consectetur purus in euismod. Sed diam leo, rutrum vel malesuada vel, feugiat ut dolor. Ut vitae laoreet nisi. Integer congue faucibus euismod. Etiam rutrum mauris in bibendum maximus. Mauris ultrices id lacus nec condimentum."
	}, {
		"title": "Suspendisse ultricies ante eget felis lobortis, eu placerat dui aliquam.",
		"by": "Stanlee Lee",
		"rating": 4,
		"date": "2017-12-01",
		"comment": "Mauris sit amet suscipit velit, vitae tristique augue. Phasellus ligula turpis, varius sed sem vel, luctus euismod tellus. Pellentesque vehicula porta turpis quis accumsan. Ut iaculis ac ligula eget elementum. Pellentesque maximus magna nibh, at vestibulum ex ultricies sed. Donec ut sapien quis enim porttitor auctor at vitae urna. Cras in elit facilisis, facilisis est et, ullamcorper justo. Nullam egestas ligula sollicitudin mi iaculis, a faucibus est porta."
	}, {
		"title": "Duis vitae laoreet eros. Maecenas id bibendum neque, sit amet.",
		"by": "Buzz Aldrin",
		"rating": 3,
		"date": "2018-02-01",
		"comment": "Cras lorem nunc, placerat laoreet nulla vitae, accumsan iaculis leo. Donec lectus nisl, consequat et justo vel, malesuada mollis odio. Proin placerat lacinia nunc ac sodales. Ut tempus elit mollis mi luctus, et placerat odio condimentum. Pellentesque tempus enim enim, a ornare lectus blandit et. Pellentesque egestas malesuada turpis, eu varius ligula rhoncus iaculis. Phasellus vitae mattis ligula. Donec pharetra pretium tellus ut pulvinar. Nam pretium tristique condimentum."
	}, {
		"title": "Pellentesque vitae odio commodo, viverra neque vel, tristique nisl. Ut.",
		"by": "Miles Morales",
		"rating": 2,
		"date": "2018-03-01",
		"comment": "Mauris non diam diam. Nam vestibulum varius diam, at facilisis mi luctus accumsan. Curabitur ultrices massa vitae ligula consectetur consectetur. Vestibulum tincidunt dui est, et bibendum velit egestas lacinia. Maecenas sit amet turpis eros. Integer quis orci justo. Integer ut lorem a urna dictum fringilla. In hac habitasse platea dictumst. Ut ac feugiat mi, at tempor libero. Nullam neque justo, tempus ut pellentesque in, porttitor a eros. Vestibulum magna leo, varius malesuada metus quis, cursus rutrum tortor."
	}, {
		"title": "Nunc id finibus lacus. Pellentesque habitant morbi tristique senectus et.",
		"by": "Hardy Heron",
		"rating": 1,
		"date": "2018-10-01",
		"comment": "In blandit dui non malesuada ullamcorper. Morbi neque ante, rhoncus fringilla fermentum sed, laoreet ut nibh. Ut venenatis mi ut mattis lacinia. Nulla congue eget diam vitae tincidunt. Aliquam erat volutpat. Proin in urna vel eros luctus ornare quis et velit. Morbi aliquam lorem nec sagittis hendrerit."
	}, {
		"title": "Sed pharetra hendrerit enim, quis sollicitudin eros consectetur vitae. Integer.",
		"by": "Harrison Ford",
		"rating": 5,
		"date": "2019-01-01",
		"comment": "Sed sit amet leo maximus, dignissim tortor a, laoreet dui. Duis quis tempus sapien. Suspendisse tellus lorem, auctor eu finibus vel, gravida vitae ante. Curabitur tristique nunc vitae nulla tristique maximus. Duis ultrices egestas fermentum. Quisque id sapien venenatis diam varius fermentum. Sed hendrerit maximus est sit amet malesuada. Morbi cursus molestie diam, non sagittis urna pellentesque ac. Aliquam leo ex, vehicula eu fermentum sed, efficitur id lacus."
	}]
